role,source,target,key,sentiment,reason,industry,status,time
part_of,Meeting_1,fish_vacuum_Meeting_1_Introduction_Discussion,0,NA,NA,,NA,NA
part_of,Meeting_1,fish_vacuum_Meeting_1_Introduction,0,NA,NA,,NA,NA
part_of,Meeting_1,seafood_festival_Meeting_1_Discussion,0,NA,NA,,NA,NA
part_of,Meeting_1,seafood_festival_Meeting_1_Feasibility,0,NA,NA,,NA,NA
part_of,Meeting_2,deep_fishing_dock_Meeting_2_Importance_Discussion,0,NA,NA,,NA,NA
part_of,Meeting_2,fish_vacuum_Travel_Bay_Harvest_Corporation_Discussion,0,NA,NA,,NA,NA
part_of,Meeting_2,fish_vacuum_Meeting_2_Cost_Benefit_Analysis_Discussion,0,NA,NA,,NA,NA
part_of,Meeting_2,fish_vacuum_Travel_Bay_Harvest_Corporation,0,NA,NA,,NA,NA
part_of,Meeting_2,fish_vacuum_Meeting_2_Cost_Benefit_Analysis,0,NA,NA,,NA,NA
part_of,Meeting_2,seafood_festival_Travel_Dock_Roll_Hall_of_Fame_Discussion,0,NA,NA,,NA,NA
part_of,Meeting_2,seafood_festival_Meeting_2_Feedback_Discussion,0,NA,NA,,NA,NA
part_of,Meeting_2,seafood_festival_Travel_Dock_Roll_Hall_of_Fame,0,NA,NA,,NA,NA
part_of,Meeting_2,seafood_festival_Meeting_2_Feedback,0,NA,NA,,NA,NA
part_of,Meeting_3,deep_fishing_dock_Travel_High_Seas_Fishing_Inc_Discussion,0,NA,NA,,NA,NA
part_of,Meeting_3,deep_fishing_dock_Meeting_3_Maintenance_Plan_Discussion,0,NA,NA,,NA,NA
part_of,Meeting_3,deep_fishing_dock_Travel_High_Seas_Fishing_Inc,0,NA,NA,,NA,NA
part_of,Meeting_3,deep_fishing_dock_Meeting_3_Maintenance_Plan,0,NA,NA,,NA,NA
part_of,Meeting_3,fish_vacuum_Travel_Bay_Harvest_Corporation_Completed_Discussion,0,NA,NA,,NA,NA
part_of,Meeting_3,seafood_festival_Travel_Dock_Roll_Hall_of_Fame_Completed_Discussion,0,NA,NA,,NA,NA
part_of,Meeting_3,seafood_festival_Meeting_3_Take_Action_Discussion,0,NA,NA,,NA,NA
part_of,Meeting_3,seafood_festival_Meeting_3_Take_Action,0,NA,NA,,NA,NA
part_of,Meeting_4,deep_fishing_dock_Travel_High_Seas_Fishing_Inc_Completed_Discussion,0,NA,NA,,NA,NA
part_of,Meeting_4,deep_fishing_dock_Meeting_4_Findings_Report_Discussion,0,NA,NA,,NA,NA
part_of,Meeting_4,deep_fishing_dock_Meeting_4_Findings_Report,0,NA,NA,,NA,NA
part_of,Meeting_4,new_crane_lomark_Meeting_4_Cost_Analysis_Discussion,0,NA,NA,,NA,NA
part_of,Meeting_4,new_crane_lomark_Meeting_4_Cost_Analysis,0,NA,NA,,NA,NA
part_of,Meeting_4,renaming_park_himark_Meeting_4_Name_Ideas_Discussion,0,NA,NA,,NA,NA
part_of,Meeting_4,renaming_park_himark_Meeting_4_Name_Ideas,0,NA,NA,,NA,NA
part_of,Meeting_5,new_crane_lomark_Travel_Blue_Wave_Shipping_Discussion,0,NA,NA,,NA,NA
part_of,Meeting_5,new_crane_lomark_Travel_Blue_Wave_Shipping,0,NA,NA,,NA,NA
part_of,Meeting_5,low_volume_crane_Travel_Harbor_Route_Solutions_Discussion,0,NA,NA,,NA,NA
part_of,Meeting_5,low_volume_crane_Travel_Harbor_Route_Solutions,0,NA,NA,,NA,NA
part_of,Meeting_5,renaming_park_himark_Travel_Himark_City_Hall_Discussion,0,NA,NA,,NA,NA
part_of,Meeting_5,renaming_park_himark_Meeting_5_Nominations_Discussion,0,NA,NA,,NA,NA
part_of,Meeting_5,renaming_park_himark_Travel_Himark_City_Hall,0,NA,NA,,NA,NA
part_of,Meeting_5,renaming_park_himark_Meeting_5_Nominations,0,NA,NA,,NA,NA
part_of,Meeting_6,affordable_housing_Meeting_6_Sites_Proposal_Discussion,0,NA,NA,,NA,NA
part_of,Meeting_6,affordable_housing_Meeting_6_Sites_Proposal,0,NA,NA,,NA,NA
part_of,Meeting_7,expanding_tourist_wharf_Meeting_7_Initial_Views_Discussion,0,NA,NA,,NA,NA
part_of,Meeting_7,affordable_housing_Travel_Waveside_Townhomes_Discussion,0,NA,NA,,NA,NA
part_of,Meeting_7,affordable_housing_Meeting_7_Debate_Discussion,0,NA,NA,,NA,NA
part_of,Meeting_7,affordable_housing_Travel_Waveside_Townhomes,0,NA,NA,,NA,NA
part_of,Meeting_7,affordable_housing_Meeting_7_Debate,0,NA,NA,,NA,NA
part_of,Meeting_7,heritage_walking_tour_Meeting_7_Discussion,0,NA,NA,,NA,NA
part_of,Meeting_7,heritage_walking_tour_Meeting_7_Outline,0,NA,NA,,NA,NA
part_of,Meeting_7,waterfront_market_Meeting_7_Discussion,0,NA,NA,,NA,NA
part_of,Meeting_7,waterfront_market_Travel_Harbor_Edge_Grill_Discussion,0,NA,NA,,NA,NA
part_of,Meeting_7,waterfront_market_Travel_Harbor_Edge_Grill,0,NA,NA,,NA,NA
part_of,Meeting_8,expanding_tourist_wharf_Travel_Harbor_Route_Solutions_Discussion_Tourist,0,NA,NA,,NA,NA
part_of,Meeting_8,expanding_tourist_wharf_Meeting_8_Expand_Ideas_Discussion,0,NA,NA,,NA,NA
part_of,Meeting_8,expanding_tourist_wharf_Travel_Harbor_Route_Solutions,0,NA,NA,,NA,NA
part_of,Meeting_8,statue_john_smoth_Meeting_8_Proposal_Discussion,0,NA,NA,,NA,NA
part_of,Meeting_8,statue_john_smoth_Meeting_8_Proposal,0,NA,NA,,NA,NA
part_of,Meeting_8,new_crane_lomark_Travel_Blue_Wave_Shipping_Completed_Discussion,0,NA,NA,,NA,NA
part_of,Meeting_8,low_volume_crane_Travel_Harbor_Route_Solutions_Completed_Discussion_Crane,0,NA,NA,,NA,NA
part_of,Meeting_8,low_volume_crane_Travel_Harbor_Builders_Discussion,0,NA,NA,,NA,NA
part_of,Meeting_8,low_volume_crane_Travel_Haacklee_Assembly_Co_Discussion,0,NA,NA,,NA,NA
part_of,Meeting_8,low_volume_crane_Meeting_8_Report_Discussion,0,NA,NA,,NA,NA
part_of,Meeting_8,low_volume_crane_Meeting_8_Report,0,NA,NA,,NA,NA
part_of,Meeting_8,low_volume_crane_Travel_Harbor_Builders,0,NA,NA,,NA,NA
part_of,Meeting_8,low_volume_crane_Travel_Haacklee_Assembly_Co,0,NA,NA,,NA,NA
part_of,Meeting_8,affordable_housing_Meeting_8_Gather_Feedback_Discussion,0,NA,NA,,NA,NA
part_of,Meeting_8,affordable_housing_Meeting_8_Feedback,0,NA,NA,,NA,NA
part_of,Meeting_8,renaming_park_himark_Travel_Himark_City_Hall_Completed_Discussion,0,NA,NA,,NA,NA
part_of,Meeting_8,name_inspection_office_Meeting_8_Importance_Discussion,0,NA,NA,,NA,NA
part_of,Meeting_8,name_inspection_office_Meeting_8_Proposal_Discussion,0,NA,NA,,NA,NA
part_of,Meeting_8,name_inspection_office_Meeting_8_Importance,0,NA,NA,,NA,NA
part_of,Meeting_8,name_inspection_office_Travel_Lomark_Civic_Plaza,0,NA,NA,,NA,NA
part_of,Meeting_8,heritage_walking_tour_Travel_Captain_Market_Discussion,0,NA,NA,,NA,NA
part_of,Meeting_8,heritage_walking_tour_Meeting_8_Proposal_Discussion,0,NA,NA,,NA,NA
part_of,Meeting_8,heritage_walking_tour_Travel_Captain_Market,0,NA,NA,,NA,NA
part_of,Meeting_8,heritage_walking_tour_Meeting_8_Proposal,0,NA,NA,,NA,NA
part_of,Meeting_9,expanding_tourist_wharf_Travel_Harbor_Route_Solutions_Completed_Discussion_Tourist,0,NA,NA,,NA,NA
part_of,Meeting_9,expanding_tourist_wharf_Meeting_9_Start_Report_Discussion,0,NA,NA,,NA,NA
part_of,Meeting_9,expanding_tourist_wharf_Meeting_9_Report,0,NA,NA,,NA,NA
part_of,Meeting_9,statue_john_smoth_Travel_The_Bait_Stich_Discussion,0,NA,NA,,NA,NA
part_of,Meeting_9,statue_john_smoth_Travel_The_Bait_Stich,0,NA,NA,,NA,NA
part_of,Meeting_9,low_volume_crane_Travel_Harbor_Builders_Completed_Discussion,0,NA,NA,,NA,NA
part_of,Meeting_9,low_volume_crane_Travel_Haacklee_Assembly_Co_Completed_Discussion,0,NA,NA,,NA,NA
part_of,Meeting_9,affordable_housing_Meeting_9_Invite_Developers_Discussion,0,NA,NA,,NA,NA
part_of,Meeting_9,affordable_housing_Meeting_9_Invite_Developers,0,NA,NA,,NA,NA
part_of,Meeting_9,name_inspection_office_Travel_Lomark_Civic_Plaza_Completed_Discussion,0,NA,NA,,NA,NA
part_of,Meeting_9,heritage_walking_tour_Travel_Captain_Market_Completed_Discussion,0,NA,NA,,NA,NA
part_of,Meeting_9,heritage_walking_tour_Meeting_9_Report_Discussion,0,NA,NA,,NA,NA
part_of,Meeting_9,heritage_walking_tour_Meeting_9_Take_Action_Discussion,0,NA,NA,,NA,NA
part_of,Meeting_9,heritage_walking_tour_Meeting_9_Report,0,NA,NA,,NA,NA
part_of,Meeting_9,heritage_walking_tour_Meeting_9_Take_Action,0,NA,NA,,NA,NA
part_of,Meeting_9,waterfront_market_Travel_Harbor_Edge_Grill_Completed_Discussion,0,NA,NA,,NA,NA
part_of,Meeting_10,name_harbor_area_Meeting_10_Historical_Significance_Discussion,0,NA,NA,,NA,NA
part_of,Meeting_10,name_harbor_area_Meeting_10_Historical_Significance,0,NA,NA,,NA,NA
part_of,Meeting_10,marine_life_deck_Meeting_10_Initial_Ideas_Discussion,0,NA,NA,,NA,NA
part_of,Meeting_10,marine_life_deck_Meeting_10_Initial_Ideas,0,NA,NA,,NA,NA
part_of,Meeting_11,marine_life_deck_Travel_Tropics_Environmental_Hub_Discussion,0,NA,NA,,NA,NA
part_of,Meeting_11,marine_life_deck_Meeting_11_Feedback_Discussion,0,NA,NA,,NA,NA
part_of,Meeting_11,marine_life_deck_Meeting_11_Feedback,0,NA,NA,,NA,NA
part_of,Meeting_11,marine_life_deck_Travel_Tropics_Environmental_Hub,0,NA,NA,,NA,NA
part_of,Meeting_12,marine_life_deck_Travel_Tropics_Environmental_Hub_Completed_Discussion,0,NA,NA,,NA,NA
part_of,Meeting_12,marine_life_deck_Meeting_12_Detailed_Proposal_Discussion,0,NA,NA,,NA,NA
part_of,Meeting_12,marine_life_deck_Meeting_12_Detailed_Proposal,0,NA,NA,,NA,NA
about,expanding_tourist_wharf_Meeting_7_Initial_Views_Discussion,expanding_tourist_wharf,0,NA,NA,,NA,NA
participant,expanding_tourist_wharf_Meeting_7_Initial_Views_Discussion,Tours Central Ticketing,0,1,More tourism so more tickets sold.,,NA,NA
participant,expanding_tourist_wharf_Meeting_7_Initial_Views_Discussion,Paackland Container Inc.,0,-0.5,Tourism is a competitor for the same resources.,,NA,NA
participant,expanding_tourist_wharf_Meeting_7_Initial_Views_Discussion,Seal,0,0.1,"Seems like headache, but if other people are willing to do the work.",,NA,NA
about,expanding_tourist_wharf_Travel_Harbor_Route_Solutions_Discussion_Tourist,expanding_tourist_wharf_Travel_Harbor_Route_Solutions,0,NA,NA,,introduced,NA
about,expanding_tourist_wharf_Travel_Harbor_Route_Solutions_Discussion_Tourist,expanding_tourist_wharf,0,NA,NA,,NA,NA
participant,expanding_tourist_wharf_Travel_Harbor_Route_Solutions_Discussion_Tourist,Simone Kat,0,0.5,Supports tourism growth,,NA,NA
refers_to,expanding_tourist_wharf_Travel_Harbor_Route_Solutions_Discussion_Tourist,35889363,0,NA,NA,,NA,NA
plan,expanding_tourist_wharf_Travel_Harbor_Route_Solutions,expanding_tourist_wharf,0,NA,NA,,NA,NA
travel,expanding_tourist_wharf_Travel_Harbor_Route_Solutions,35889363,0,NA,NA,,NA,NA
participant,expanding_tourist_wharf_Travel_Harbor_Route_Solutions,Simone Kat,0,0.5,Supports tourism growth,,NA,NA
about,expanding_tourist_wharf_Meeting_8_Expand_Ideas_Discussion,expanding_tourist_wharf,0,NA,NA,,NA,NA
participant,expanding_tourist_wharf_Meeting_8_Expand_Ideas_Discussion,Tours Central Ticketing,0,1,More tourism so more tickets sold.,,NA,NA
participant,expanding_tourist_wharf_Meeting_8_Expand_Ideas_Discussion,Paackland Container Inc.,0,-0.5,Tourism is a competitor for the same resources.,,NA,NA
participant,expanding_tourist_wharf_Meeting_8_Expand_Ideas_Discussion,Seal,0,0.1,"Seems like headache, but if other people are willing to do the work.",,NA,NA
about,expanding_tourist_wharf_Travel_Harbor_Route_Solutions_Completed_Discussion_Tourist,expanding_tourist_wharf_Travel_Harbor_Route_Solutions,0,NA,NA,,completed,NA
about,expanding_tourist_wharf_Travel_Harbor_Route_Solutions_Completed_Discussion_Tourist,expanding_tourist_wharf,0,NA,NA,,NA,NA
participant,expanding_tourist_wharf_Travel_Harbor_Route_Solutions_Completed_Discussion_Tourist,Simone Kat,0,0.5,Supports tourism growth,,NA,NA
refers_to,expanding_tourist_wharf_Travel_Harbor_Route_Solutions_Completed_Discussion_Tourist,35889363,0,NA,NA,,NA,NA
about,expanding_tourist_wharf_Meeting_9_Start_Report_Discussion,expanding_tourist_wharf_Meeting_9_Report,0,NA,NA,,planned,NA
about,expanding_tourist_wharf_Meeting_9_Start_Report_Discussion,expanding_tourist_wharf,0,NA,NA,,NA,NA
participant,expanding_tourist_wharf_Meeting_9_Start_Report_Discussion,Seal,0,0.1,"Seems like headache, but if other people are willing to do the work.",,NA,NA
plan,expanding_tourist_wharf_Meeting_9_Report,expanding_tourist_wharf,0,NA,NA,,NA,NA
participant,expanding_tourist_wharf_Meeting_9_Report,Seal,0,0.1,"Seems like headache, but if other people are willing to do the work.",,NA,NA
about,statue_john_smoth_Meeting_8_Proposal_Discussion,statue_john_smoth_Meeting_8_Proposal,0,NA,NA,,introduced,NA
about,statue_john_smoth_Meeting_8_Proposal_Discussion,statue_john_smoth,0,NA,NA,,NA,NA
participant,statue_john_smoth_Meeting_8_Proposal_Discussion,Daughters of Port Grove,0,1,Historical recognition aligns with tourism interests.,,NA,NA
plan,statue_john_smoth_Meeting_8_Proposal,statue_john_smoth,0,NA,NA,,NA,NA
participant,statue_john_smoth_Meeting_8_Proposal,Daughters of Port Grove,0,1,Historical recognition aligns with tourism interests.,,NA,NA
about,statue_john_smoth_Travel_The_Bait_Stich_Discussion,statue_john_smoth_Travel_The_Bait_Stich,0,NA,NA,,introduced,NA
about,statue_john_smoth_Travel_The_Bait_Stich_Discussion,statue_john_smoth,0,NA,NA,,NA,NA
participant,statue_john_smoth_Travel_The_Bait_Stich_Discussion,Seal,0,0.2,Appreciates historical recognition but sees limited practical benefit.,,NA,NA
refers_to,statue_john_smoth_Travel_The_Bait_Stich_Discussion,2519420987,0,NA,NA,,NA,NA
plan,statue_john_smoth_Travel_The_Bait_Stich,statue_john_smoth,0,NA,NA,,NA,NA
travel,statue_john_smoth_Travel_The_Bait_Stich,2519420987,0,NA,NA,,NA,NA
participant,statue_john_smoth_Travel_The_Bait_Stich,Seal,0,0.2,Appreciates historical recognition but sees limited practical benefit.,,NA,NA
about,deep_fishing_dock_Meeting_2_Importance_Discussion,deep_fishing_dock,0,NA,NA,,NA,NA
participant,deep_fishing_dock_Meeting_2_Importance_Discussion,High Seas Fishing Inc.,0,NA,NA,,NA,NA
participant,deep_fishing_dock_Meeting_2_Importance_Discussion,Tours Central Ticketing,0,NA,NA,,NA,NA
about,deep_fishing_dock_Travel_High_Seas_Fishing_Inc_Discussion,deep_fishing_dock_Travel_High_Seas_Fishing_Inc,0,NA,NA,,planned,NA
about,deep_fishing_dock_Travel_High_Seas_Fishing_Inc_Discussion,deep_fishing_dock,0,NA,NA,,NA,NA
participant,deep_fishing_dock_Travel_High_Seas_Fishing_Inc_Discussion,Simone Kat,0,NA,NA,,NA,NA
refers_to,deep_fishing_dock_Travel_High_Seas_Fishing_Inc_Discussion,3753651731,0,NA,NA,,NA,NA
plan,deep_fishing_dock_Travel_High_Seas_Fishing_Inc,deep_fishing_dock,0,NA,NA,,NA,NA
travel,deep_fishing_dock_Travel_High_Seas_Fishing_Inc,3753651731,0,NA,NA,,NA,NA
participant,deep_fishing_dock_Travel_High_Seas_Fishing_Inc,Simone Kat,0,NA,NA,,NA,NA
about,deep_fishing_dock_Meeting_3_Maintenance_Plan_Discussion,deep_fishing_dock_Meeting_3_Maintenance_Plan,0,NA,NA,,planned,NA
about,deep_fishing_dock_Meeting_3_Maintenance_Plan_Discussion,deep_fishing_dock,0,NA,NA,,NA,NA
participant,deep_fishing_dock_Meeting_3_Maintenance_Plan_Discussion,Industrial Shipping,0,NA,NA,,NA,NA
plan,deep_fishing_dock_Meeting_3_Maintenance_Plan,deep_fishing_dock,0,NA,NA,,NA,NA
participant,deep_fishing_dock_Meeting_3_Maintenance_Plan,Industrial Shipping,0,NA,NA,,NA,NA
about,deep_fishing_dock_Travel_High_Seas_Fishing_Inc_Completed_Discussion,deep_fishing_dock_Travel_High_Seas_Fishing_Inc,0,NA,NA,,completed,NA
about,deep_fishing_dock_Travel_High_Seas_Fishing_Inc_Completed_Discussion,deep_fishing_dock,0,NA,NA,,NA,NA
participant,deep_fishing_dock_Travel_High_Seas_Fishing_Inc_Completed_Discussion,Simone Kat,0,NA,NA,,NA,NA
refers_to,deep_fishing_dock_Travel_High_Seas_Fishing_Inc_Completed_Discussion,3753651731,0,NA,NA,,NA,NA
about,deep_fishing_dock_Meeting_4_Findings_Report_Discussion,deep_fishing_dock_Meeting_4_Findings_Report,0,NA,NA,,planned,NA
about,deep_fishing_dock_Meeting_4_Findings_Report_Discussion,deep_fishing_dock,0,NA,NA,,NA,NA
participant,deep_fishing_dock_Meeting_4_Findings_Report_Discussion,Industrial Shipping,0,NA,NA,,NA,NA
plan,deep_fishing_dock_Meeting_4_Findings_Report,deep_fishing_dock,0,NA,NA,,NA,NA
participant,deep_fishing_dock_Meeting_4_Findings_Report,Industrial Shipping,0,NA,NA,,NA,NA
about,new_crane_lomark_Meeting_4_Cost_Analysis_Discussion,new_crane_lomark_Meeting_4_Cost_Analysis,0,NA,NA,,completed,NA
about,new_crane_lomark_Meeting_4_Cost_Analysis_Discussion,new_crane_lomark,0,NA,NA,,NA,NA
participant,new_crane_lomark_Meeting_4_Cost_Analysis_Discussion,Industrial Shipping,0,1,"Primarily benefits large vessel operations, which are essential for the organization.",,NA,NA
participant,new_crane_lomark_Meeting_4_Cost_Analysis_Discussion,Tours Central Ticketing,0,-1,"Primarily benefits fishing operations, not tourism.",,NA,NA
participant,new_crane_lomark_Meeting_4_Cost_Analysis_Discussion,Saltwater Serenades,0,-1,"Primarily benefits fishing operations, not tourism.",,NA,NA
plan,new_crane_lomark_Meeting_4_Cost_Analysis,new_crane_lomark,0,NA,NA,,NA,NA
participant,new_crane_lomark_Meeting_4_Cost_Analysis,Industrial Shipping,0,1,"Primarily benefits large vessel operations, which are essential for the organization.",,NA,NA
participant,new_crane_lomark_Meeting_4_Cost_Analysis,Tours Central Ticketing,0,-1,"Primarily benefits fishing operations, not tourism.",,NA,NA
participant,new_crane_lomark_Meeting_4_Cost_Analysis,Saltwater Serenades,0,-1,"Primarily benefits fishing operations, not tourism.",,NA,NA
about,new_crane_lomark_Travel_Blue_Wave_Shipping_Discussion,new_crane_lomark_Travel_Blue_Wave_Shipping,0,NA,NA,,planned,NA
about,new_crane_lomark_Travel_Blue_Wave_Shipping_Discussion,new_crane_lomark,0,NA,NA,,NA,NA
participant,new_crane_lomark_Travel_Blue_Wave_Shipping_Discussion,Simone Kat,0,-0.5,"Primarily benefits large vessel operations, with limited relevance to tourism",,NA,NA
refers_to,new_crane_lomark_Travel_Blue_Wave_Shipping_Discussion,491334376,0,NA,NA,,NA,NA
plan,new_crane_lomark_Travel_Blue_Wave_Shipping,new_crane_lomark,0,NA,NA,,NA,NA
travel,new_crane_lomark_Travel_Blue_Wave_Shipping,491334376,0,NA,NA,,NA,NA
participant,new_crane_lomark_Travel_Blue_Wave_Shipping,Simone Kat,0,-0.5,"Primarily benefits large vessel operations, with limited relevance to tourism",,NA,NA
about,new_crane_lomark_Travel_Blue_Wave_Shipping_Completed_Discussion,new_crane_lomark_Travel_Blue_Wave_Shipping,0,NA,NA,,completed,NA
about,new_crane_lomark_Travel_Blue_Wave_Shipping_Completed_Discussion,new_crane_lomark,0,NA,NA,,NA,NA
participant,new_crane_lomark_Travel_Blue_Wave_Shipping_Completed_Discussion,Simone Kat,0,-0.5,"Primarily benefits large vessel operations, with limited relevance to tourism",,NA,NA
refers_to,new_crane_lomark_Travel_Blue_Wave_Shipping_Completed_Discussion,491334376,0,NA,NA,,NA,NA
about,fish_vacuum_Meeting_1_Introduction_Discussion,fish_vacuum_Meeting_1_Introduction,0,NA,NA,,completed,NA
about,fish_vacuum_Meeting_1_Introduction_Discussion,fish_vacuum,0,NA,NA,,NA,NA
participant,fish_vacuum_Meeting_1_Introduction_Discussion,High Seas Fishing Inc.,0,1,"Small vessels are the backbone of the company, and this improves operations.",,NA,NA
plan,fish_vacuum_Meeting_1_Introduction,fish_vacuum,0,NA,NA,,NA,NA
participant,fish_vacuum_Meeting_1_Introduction,Seal,0,0,Balanced view on new technology applications.,,NA,NA
participant,fish_vacuum_Meeting_1_Introduction,High Seas Fishing Inc.,0,1,"Small vessels are the backbone of the company, and this improves operations.",,NA,NA
about,fish_vacuum_Travel_Bay_Harvest_Corporation_Discussion,fish_vacuum_Travel_Bay_Harvest_Corporation,0,NA,NA,,planned,NA
about,fish_vacuum_Travel_Bay_Harvest_Corporation_Discussion,fish_vacuum,0,NA,NA,,NA,NA
participant,fish_vacuum_Travel_Bay_Harvest_Corporation_Discussion,Simone Kat,0,-0.1,Would rather see money go to tourism initiatives,,NA,NA
refers_to,fish_vacuum_Travel_Bay_Harvest_Corporation_Discussion,30192735,0,NA,NA,,NA,NA
plan,fish_vacuum_Travel_Bay_Harvest_Corporation,fish_vacuum,0,NA,NA,,NA,NA
travel,fish_vacuum_Travel_Bay_Harvest_Corporation,30192735,0,NA,NA,,NA,NA
participant,fish_vacuum_Travel_Bay_Harvest_Corporation,Simone Kat,0,-0.1,Would rather see money go to tourism initiatives,,NA,NA
about,fish_vacuum_Meeting_2_Cost_Benefit_Analysis_Discussion,fish_vacuum_Meeting_2_Cost_Benefit_Analysis,0,NA,NA,,completed,NA
about,fish_vacuum_Meeting_2_Cost_Benefit_Analysis_Discussion,fish_vacuum,0,NA,NA,,NA,NA
participant,fish_vacuum_Meeting_2_Cost_Benefit_Analysis_Discussion,High Seas Fishing Inc.,0,1,"Small vessels are the backbone of the company, and this improves operations.",,NA,NA
plan,fish_vacuum_Meeting_2_Cost_Benefit_Analysis,fish_vacuum,0,NA,NA,,NA,NA
participant,fish_vacuum_Meeting_2_Cost_Benefit_Analysis,High Seas Fishing Inc.,0,1,"Small vessels are the backbone of the company, and this improves operations.",,NA,NA
about,fish_vacuum_Travel_Bay_Harvest_Corporation_Completed_Discussion,fish_vacuum_Travel_Bay_Harvest_Corporation,0,NA,NA,,completed,NA
about,fish_vacuum_Travel_Bay_Harvest_Corporation_Completed_Discussion,fish_vacuum,0,NA,NA,,NA,NA
participant,fish_vacuum_Travel_Bay_Harvest_Corporation_Completed_Discussion,Simone Kat,0,-0.1,Would rather see money go to tourism initiatives,,NA,NA
refers_to,fish_vacuum_Travel_Bay_Harvest_Corporation_Completed_Discussion,30192735,0,NA,NA,,NA,NA
about,low_volume_crane_Travel_Harbor_Route_Solutions_Discussion,low_volume_crane_Travel_Harbor_Route_Solutions,0,NA,NA,,planned,NA
about,low_volume_crane_Travel_Harbor_Route_Solutions_Discussion,low_volume_crane,0,NA,NA,,NA,NA
participant,low_volume_crane_Travel_Harbor_Route_Solutions_Discussion,Seal,0,0.1,Recognizes the crane's benefit to small-scale operations.,,NA,NA
refers_to,low_volume_crane_Travel_Harbor_Route_Solutions_Discussion,35889363,0,NA,NA,,NA,NA
plan,low_volume_crane_Travel_Harbor_Route_Solutions,low_volume_crane,0,NA,NA,,NA,NA
travel,low_volume_crane_Travel_Harbor_Route_Solutions,35889363,0,NA,NA,,NA,NA
participant,low_volume_crane_Travel_Harbor_Route_Solutions,Seal,0,0.1,Recognizes the crane's benefit to small-scale operations.,,NA,NA
about,low_volume_crane_Travel_Harbor_Route_Solutions_Completed_Discussion_Crane,low_volume_crane_Travel_Harbor_Route_Solutions,0,NA,NA,,completed,NA
about,low_volume_crane_Travel_Harbor_Route_Solutions_Completed_Discussion_Crane,low_volume_crane,0,NA,NA,,NA,NA
participant,low_volume_crane_Travel_Harbor_Route_Solutions_Completed_Discussion_Crane,Seal,0,0.1,Recognizes the crane's benefit to small-scale operations.,,NA,NA
refers_to,low_volume_crane_Travel_Harbor_Route_Solutions_Completed_Discussion_Crane,35889363,0,NA,NA,,NA,NA
about,low_volume_crane_Travel_Harbor_Builders_Discussion,low_volume_crane_Travel_Harbor_Builders,0,NA,NA,,planned,NA
about,low_volume_crane_Travel_Harbor_Builders_Discussion,low_volume_crane,0,NA,NA,,NA,NA
participant,low_volume_crane_Travel_Harbor_Builders_Discussion,Simone Kat,0,0.75,"Supports small-scale operations, which align with small vessel activities and tourism. Tourism is increasingly focused on small scale pictureque fishing",,NA,NA
refers_to,low_volume_crane_Travel_Harbor_Builders_Discussion,35922181,0,NA,NA,,NA,NA
plan,low_volume_crane_Travel_Harbor_Builders,low_volume_crane,0,NA,NA,,NA,NA
travel,low_volume_crane_Travel_Harbor_Builders,35922181,0,NA,NA,,NA,NA
participant,low_volume_crane_Travel_Harbor_Builders,Simone Kat,0,0.75,"Supports small-scale operations, which align with small vessel activities and tourism. Tourism is increasingly focused on small scale pictureque fishing",,NA,NA
about,low_volume_crane_Travel_Haacklee_Assembly_Co_Discussion,low_volume_crane_Travel_Haacklee_Assembly_Co,0,NA,NA,,planned,NA
about,low_volume_crane_Travel_Haacklee_Assembly_Co_Discussion,low_volume_crane,0,NA,NA,,NA,NA
participant,low_volume_crane_Travel_Haacklee_Assembly_Co_Discussion,Simone Kat,0,0.75,"Supports small-scale operations, which align with small vessel activities and tourism. Tourism is increasingly focused on small scale pictureque fishing",,NA,NA
refers_to,low_volume_crane_Travel_Haacklee_Assembly_Co_Discussion,35872967,0,NA,NA,,NA,NA
plan,low_volume_crane_Travel_Haacklee_Assembly_Co,low_volume_crane,0,NA,NA,,NA,NA
travel,low_volume_crane_Travel_Haacklee_Assembly_Co,35872967,0,NA,NA,,NA,NA
participant,low_volume_crane_Travel_Haacklee_Assembly_Co,Simone Kat,0,0.75,"Supports small-scale operations, which align with small vessel activities and tourism. Tourism is increasingly focused on small scale pictureque fishing",,NA,NA
about,low_volume_crane_Meeting_8_Report_Discussion,low_volume_crane_Meeting_8_Report,0,NA,NA,,planned,NA
about,low_volume_crane_Meeting_8_Report_Discussion,low_volume_crane,0,NA,NA,,NA,NA
participant,low_volume_crane_Meeting_8_Report_Discussion,Seal,0,0.1,Recognizes the crane's benefit to small-scale operations.,,NA,NA
plan,low_volume_crane_Meeting_8_Report,low_volume_crane,0,NA,NA,,NA,NA
participant,low_volume_crane_Meeting_8_Report,Seal,0,0.1,Recognizes the crane's benefit to small-scale operations.,,NA,NA
about,low_volume_crane_Travel_Harbor_Builders_Completed_Discussion,low_volume_crane_Travel_Harbor_Builders,0,NA,NA,,completed,NA
about,low_volume_crane_Travel_Harbor_Builders_Completed_Discussion,low_volume_crane,0,NA,NA,,NA,NA
participant,low_volume_crane_Travel_Harbor_Builders_Completed_Discussion,Simone Kat,0,0.75,"Supports small-scale operations, which align with small vessel activities and tourism. Tourism is increasingly focused on small scale pictureque fishing",,NA,NA
refers_to,low_volume_crane_Travel_Harbor_Builders_Completed_Discussion,35922181,0,NA,NA,,NA,NA
about,low_volume_crane_Travel_Haacklee_Assembly_Co_Completed_Discussion,low_volume_crane_Travel_Haacklee_Assembly_Co,0,NA,NA,,completed,NA
about,low_volume_crane_Travel_Haacklee_Assembly_Co_Completed_Discussion,low_volume_crane,0,NA,NA,,NA,NA
participant,low_volume_crane_Travel_Haacklee_Assembly_Co_Completed_Discussion,Simone Kat,0,0.75,"Supports small-scale operations, which align with small vessel activities and tourism. Tourism is increasingly focused on small scale pictureque fishing",,NA,NA
refers_to,low_volume_crane_Travel_Haacklee_Assembly_Co_Completed_Discussion,35872967,0,NA,NA,,NA,NA
about,affordable_housing_Meeting_6_Sites_Proposal_Discussion,affordable_housing_Meeting_6_Sites_Proposal,0,NA,NA,,in_progress,NA
about,affordable_housing_Meeting_6_Sites_Proposal_Discussion,affordable_housing,0,NA,NA,,NA,NA
participant,affordable_housing_Meeting_6_Sites_Proposal_Discussion,Builders Association,0,1,"Supports affordable housing for workers, which benefits large vessel operations.",,NA,NA
participant,affordable_housing_Meeting_6_Sites_Proposal_Discussion,Saltwater Serenades,0,-1,Conflicts with tourism-focused short-term rentals.,,NA,NA
plan,affordable_housing_Meeting_6_Sites_Proposal,affordable_housing,0,NA,NA,,NA,NA
participant,affordable_housing_Meeting_6_Sites_Proposal,Builders Association,0,1,"Supports affordable housing for workers, which benefits large vessel operations.",,NA,NA
participant,affordable_housing_Meeting_6_Sites_Proposal,Saltwater Serenades,0,-1,Conflicts with tourism-focused short-term rentals.,,NA,NA
about,affordable_housing_Travel_Waveside_Townhomes_Discussion,affordable_housing_Travel_Waveside_Townhomes,0,NA,NA,,planned,NA
about,affordable_housing_Travel_Waveside_Townhomes_Discussion,affordable_housing,0,NA,NA,,NA,NA
participant,affordable_housing_Travel_Waveside_Townhomes_Discussion,Simone Kat,0,-1,Conflicts with tourism-focused short-term rentals,,NA,NA
refers_to,affordable_housing_Travel_Waveside_Townhomes_Discussion,48468290,0,NA,NA,,NA,NA
plan,affordable_housing_Travel_Waveside_Townhomes,affordable_housing,0,NA,NA,,NA,NA
travel,affordable_housing_Travel_Waveside_Townhomes,48468290,0,NA,NA,,NA,NA
participant,affordable_housing_Travel_Waveside_Townhomes,Simone Kat,0,-1,Conflicts with tourism-focused short-term rentals,,NA,NA
about,affordable_housing_Meeting_7_Debate_Discussion,affordable_housing_Meeting_7_Debate,0,NA,NA,,completed,NA
about,affordable_housing_Meeting_7_Debate_Discussion,affordable_housing,0,NA,NA,,NA,NA
participant,affordable_housing_Meeting_7_Debate_Discussion,Simone Kat,0,-1,Conflicts with tourism-focused short-term rentals,,NA,NA
plan,affordable_housing_Meeting_7_Debate,affordable_housing,0,NA,NA,,NA,NA
participant,affordable_housing_Meeting_7_Debate,Simone Kat,0,-1,Conflicts with tourism-focused short-term rentals,,NA,NA
about,affordable_housing_Meeting_8_Gather_Feedback_Discussion,affordable_housing_Meeting_8_Feedback,0,NA,NA,,planned,NA
about,affordable_housing_Meeting_8_Gather_Feedback_Discussion,affordable_housing,0,NA,NA,,NA,NA
participant,affordable_housing_Meeting_8_Gather_Feedback_Discussion,Industrial Shipping,0,1,"Supports affordable housing for workers, which benefits large vessel operations.",,NA,NA
plan,affordable_housing_Meeting_8_Feedback,affordable_housing,0,NA,NA,,NA,NA
participant,affordable_housing_Meeting_8_Feedback,Industrial Shipping,0,1,"Supports affordable housing for workers, which benefits large vessel operations.",,NA,NA
about,affordable_housing_Meeting_9_Invite_Developers_Discussion,affordable_housing_Meeting_9_Invite_Developers,0,NA,NA,,planned,NA
about,affordable_housing_Meeting_9_Invite_Developers_Discussion,affordable_housing,0,NA,NA,,NA,NA
participant,affordable_housing_Meeting_9_Invite_Developers_Discussion,Builders Association,0,1,"Supports affordable housing for workers, which benefits large vessel operations.",,NA,NA
participant,affordable_housing_Meeting_9_Invite_Developers_Discussion,Industrial Shipping,0,1,"Supports affordable housing for workers, which benefits large vessel operations.",,NA,NA
plan,affordable_housing_Meeting_9_Invite_Developers,affordable_housing,0,NA,NA,,NA,NA
participant,affordable_housing_Meeting_9_Invite_Developers,Builders Association,0,1,"Supports affordable housing for workers, which benefits large vessel operations.",,NA,NA
participant,affordable_housing_Meeting_9_Invite_Developers,Industrial Shipping,0,1,"Supports affordable housing for workers, which benefits large vessel operations.",,NA,NA
about,renaming_park_himark_Meeting_4_Name_Ideas_Discussion,renaming_park_himark_Meeting_4_Name_Ideas,0,NA,NA,,planned,NA
about,renaming_park_himark_Meeting_4_Name_Ideas_Discussion,renaming_park_himark,0,NA,NA,,NA,NA
participant,renaming_park_himark_Meeting_4_Name_Ideas_Discussion,PTA,0,0,Symbolic gesture with no direct impact on children or education.,,NA,NA
plan,renaming_park_himark_Meeting_4_Name_Ideas,renaming_park_himark,0,NA,NA,,NA,NA
participant,renaming_park_himark_Meeting_4_Name_Ideas,PTA,0,0,Symbolic gesture with no direct impact on children or education.,,NA,NA
about,renaming_park_himark_Travel_Himark_City_Hall_Discussion,renaming_park_himark_Travel_Himark_City_Hall,0,NA,NA,,planned,NA
about,renaming_park_himark_Travel_Himark_City_Hall_Discussion,renaming_park_himark,0,NA,NA,,NA,NA
participant,renaming_park_himark_Travel_Himark_City_Hall_Discussion,Carol Limpet,0,0.5,Symbolic gesture that could attract tourists and improve community pride.,,NA,NA
refers_to,renaming_park_himark_Travel_Himark_City_Hall_Discussion,9196630064,0,NA,NA,,NA,NA
plan,renaming_park_himark_Travel_Himark_City_Hall,renaming_park_himark,0,NA,NA,,NA,NA
travel,renaming_park_himark_Travel_Himark_City_Hall,9196630064,0,NA,NA,,NA,NA
participant,renaming_park_himark_Travel_Himark_City_Hall,Carol Limpet,0,0.5,Symbolic gesture that could attract tourists and improve community pride.,,NA,NA
about,renaming_park_himark_Meeting_5_Nominations_Discussion,renaming_park_himark_Meeting_5_Nominations,0,NA,NA,,planned,NA
about,renaming_park_himark_Meeting_5_Nominations_Discussion,renaming_park_himark,0,NA,NA,,NA,NA
participant,renaming_park_himark_Meeting_5_Nominations_Discussion,Carol Limpet,0,0.5,Symbolic gesture that could attract tourists and improve community pride.,,NA,NA
plan,renaming_park_himark_Meeting_5_Nominations,renaming_park_himark,0,NA,NA,,NA,NA
participant,renaming_park_himark_Meeting_5_Nominations,Carol Limpet,0,0.5,Symbolic gesture that could attract tourists and improve community pride.,,NA,NA
about,renaming_park_himark_Travel_Himark_City_Hall_Completed_Discussion,renaming_park_himark_Travel_Himark_City_Hall,0,NA,NA,,completed,NA
about,renaming_park_himark_Travel_Himark_City_Hall_Completed_Discussion,renaming_park_himark,0,NA,NA,,NA,NA
participant,renaming_park_himark_Travel_Himark_City_Hall_Completed_Discussion,Carol Limpet,0,0.5,Symbolic gesture that could attract tourists and improve community pride.,,NA,NA
refers_to,renaming_park_himark_Travel_Himark_City_Hall_Completed_Discussion,9196630064,0,NA,NA,,NA,NA
about,name_harbor_area_Meeting_10_Historical_Significance_Discussion,name_harbor_area_Meeting_10_Historical_Significance,0,NA,NA,,completed,NA
about,name_harbor_area_Meeting_10_Historical_Significance_Discussion,name_harbor_area,0,NA,NA,,NA,NA
participant,name_harbor_area_Meeting_10_Historical_Significance_Discussion,Daughters of Port Grove,0,0,Symbolic gesture with no direct impact on tourism or vessel operations.,,NA,NA
plan,name_harbor_area_Meeting_10_Historical_Significance,name_harbor_area,0,NA,NA,,NA,NA
participant,name_harbor_area_Meeting_10_Historical_Significance,Daughters of Port Grove,0,0,Symbolic gesture with no direct impact on tourism or vessel operations.,,NA,NA
about,name_inspection_office_Meeting_8_Importance_Discussion,name_inspection_office_Meeting_8_Importance,0,NA,NA,,in_progress,NA
about,name_inspection_office_Meeting_8_Importance_Discussion,name_inspection_office,0,NA,NA,,NA,NA
participant,name_inspection_office_Meeting_8_Importance_Discussion,High Seas Fishing Inc.,0,0,Symbolic gesture with no direct impact on fishing or vessel operations.,,NA,NA
plan,name_inspection_office_Meeting_8_Importance,name_inspection_office,0,NA,NA,,NA,NA
participant,name_inspection_office_Meeting_8_Importance,High Seas Fishing Inc.,0,0,Symbolic gesture with no direct impact on fishing or vessel operations.,,NA,NA
about,name_inspection_office_Meeting_8_Proposal_Discussion,name_inspection_office,0,NA,NA,,NA,NA
participant,name_inspection_office_Meeting_8_Proposal_Discussion,Simone Kat,0,0,Symbolic gesture with no direct impact on tourism or vessel operations.,,NA,NA
plan,name_inspection_office_Travel_Lomark_Civic_Plaza,name_inspection_office,0,NA,NA,,NA,NA
travel,name_inspection_office_Travel_Lomark_Civic_Plaza,48475647,0,NA,NA,,NA,NA
about,name_inspection_office_Travel_Lomark_Civic_Plaza_Completed_Discussion,name_inspection_office_Travel_Lomark_Civic_Plaza,0,NA,NA,,completed,NA
about,name_inspection_office_Travel_Lomark_Civic_Plaza_Completed_Discussion,name_inspection_office,0,NA,NA,,NA,NA
participant,name_inspection_office_Travel_Lomark_Civic_Plaza_Completed_Discussion,Simone Kat,0,0,Symbolic gesture with no direct impact on tourism or vessel operations.,,NA,NA
refers_to,name_inspection_office_Travel_Lomark_Civic_Plaza_Completed_Discussion,48475647,0,NA,NA,,NA,NA
about,marine_life_deck_Meeting_10_Initial_Ideas_Discussion,marine_life_deck_Meeting_10_Initial_Ideas,0,NA,NA,,completed,NA
about,marine_life_deck_Meeting_10_Initial_Ideas_Discussion,marine_life_deck,0,NA,NA,,NA,NA
participant,marine_life_deck_Meeting_10_Initial_Ideas_Discussion,Simone Kat,0,1,"Strongly supports as it could be a major attraction, benefiting tourism.",,NA,NA
participant,marine_life_deck_Meeting_10_Initial_Ideas_Discussion,Carol Limpet,0,0.5,Sees educational value but concerned about sustainable funding.,,NA,NA
plan,marine_life_deck_Meeting_10_Initial_Ideas,marine_life_deck,0,NA,NA,,NA,NA
participant,marine_life_deck_Meeting_10_Initial_Ideas,Simone Kat,0,1,"Strongly supports as it could be a major attraction, benefiting tourism.",,NA,NA
participant,marine_life_deck_Meeting_10_Initial_Ideas,Carol Limpet,0,0.5,Sees educational value but concerned about sustainable funding.,,NA,NA
about,marine_life_deck_Travel_Tropics_Environmental_Hub_Discussion,marine_life_deck_Travel_Tropics_Environmental_Hub,0,NA,NA,,planned,NA
about,marine_life_deck_Travel_Tropics_Environmental_Hub_Discussion,marine_life_deck,0,NA,NA,,NA,NA
participant,marine_life_deck_Travel_Tropics_Environmental_Hub_Discussion,Carol Limpet,0,0.5,Sees educational value but concerned about sustainable funding.,,NA,NA
refers_to,marine_life_deck_Travel_Tropics_Environmental_Hub_Discussion,581717431,0,NA,NA,,NA,NA
plan,marine_life_deck_Travel_Tropics_Environmental_Hub,marine_life_deck,0,NA,NA,,NA,NA
travel,marine_life_deck_Travel_Tropics_Environmental_Hub,581717431,0,NA,NA,,NA,NA
participant,marine_life_deck_Travel_Tropics_Environmental_Hub,Carol Limpet,0,0.5,Sees educational value but concerned about sustainable funding.,,NA,NA
about,marine_life_deck_Meeting_11_Feedback_Discussion,marine_life_deck_Meeting_11_Feedback,0,NA,NA,,in_progress,NA
about,marine_life_deck_Meeting_11_Feedback_Discussion,marine_life_deck,0,NA,NA,,NA,NA
participant,marine_life_deck_Meeting_11_Feedback_Discussion,Carol Limpet,0,0.5,Sees educational value but concerned about sustainable funding.,,NA,NA
plan,marine_life_deck_Meeting_11_Feedback,marine_life_deck,0,NA,NA,,NA,NA
participant,marine_life_deck_Meeting_11_Feedback,Carol Limpet,0,0.5,Sees educational value but concerned about sustainable funding.,,NA,NA
about,marine_life_deck_Travel_Tropics_Environmental_Hub_Completed_Discussion,marine_life_deck_Travel_Tropics_Environmental_Hub,0,NA,NA,,completed,NA
about,marine_life_deck_Travel_Tropics_Environmental_Hub_Completed_Discussion,marine_life_deck,0,NA,NA,,NA,NA
participant,marine_life_deck_Travel_Tropics_Environmental_Hub_Completed_Discussion,Carol Limpet,0,0.5,Sees educational value but concerned about sustainable funding.,,NA,NA
refers_to,marine_life_deck_Travel_Tropics_Environmental_Hub_Completed_Discussion,581717431,0,NA,NA,,NA,NA
about,marine_life_deck_Meeting_12_Detailed_Proposal_Discussion,marine_life_deck_Meeting_12_Detailed_Proposal,0,NA,NA,,completed,NA
about,marine_life_deck_Meeting_12_Detailed_Proposal_Discussion,marine_life_deck,0,NA,NA,,NA,NA
participant,marine_life_deck_Meeting_12_Detailed_Proposal_Discussion,Simone Kat,0,1,"Strongly supports as it could be a major attraction, benefiting tourism.",,NA,NA
plan,marine_life_deck_Meeting_12_Detailed_Proposal,marine_life_deck,0,NA,NA,,NA,NA
participant,marine_life_deck_Meeting_12_Detailed_Proposal,Simone Kat,0,1,"Strongly supports as it could be a major attraction, benefiting tourism.",,NA,NA
about,seafood_festival_Meeting_1_Discussion,seafood_festival_Meeting_1_Feasibility,0,NA,NA,,completed,NA
about,seafood_festival_Meeting_1_Discussion,seafood_festival,0,NA,NA,,NA,NA
participant,seafood_festival_Meeting_1_Discussion,Simone Kat,0,0.75,Sees great potential in drawing tourists and celebrating local cuisine.,,NA,NA
participant,seafood_festival_Meeting_1_Discussion,Carol Limpet,0,0.75,Supports as it offers community and economic benefits.,,NA,NA
plan,seafood_festival_Meeting_1_Feasibility,seafood_festival,0,NA,NA,,NA,NA
participant,seafood_festival_Meeting_1_Feasibility,Simone Kat,0,0.75,Sees great potential in drawing tourists and celebrating local cuisine.,,NA,NA
about,seafood_festival_Travel_Dock_Roll_Hall_of_Fame_Discussion,seafood_festival_Travel_Dock_Roll_Hall_of_Fame,0,NA,NA,,planned,NA
about,seafood_festival_Travel_Dock_Roll_Hall_of_Fame_Discussion,seafood_festival,0,NA,NA,,NA,NA
participant,seafood_festival_Travel_Dock_Roll_Hall_of_Fame_Discussion,Carol Limpet,0,0.75,Supports as it offers community and economic benefits.,,NA,NA
refers_to,seafood_festival_Travel_Dock_Roll_Hall_of_Fame_Discussion,37828755,0,NA,NA,,NA,NA
plan,seafood_festival_Travel_Dock_Roll_Hall_of_Fame,seafood_festival,0,NA,NA,,NA,NA
travel,seafood_festival_Travel_Dock_Roll_Hall_of_Fame,37828755,0,NA,NA,,NA,NA
participant,seafood_festival_Travel_Dock_Roll_Hall_of_Fame,Carol Limpet,0,0.75,Supports as it offers community and economic benefits.,,NA,NA
about,seafood_festival_Meeting_2_Feedback_Discussion,seafood_festival_Meeting_2_Feedback,0,NA,NA,,in_progress,NA
about,seafood_festival_Meeting_2_Feedback_Discussion,seafood_festival,0,NA,NA,,NA,NA
participant,seafood_festival_Meeting_2_Feedback_Discussion,Carol Limpet,0,0.75,Supports as it offers community and economic benefits.,,NA,NA
plan,seafood_festival_Meeting_2_Feedback,seafood_festival,0,NA,NA,,NA,NA
participant,seafood_festival_Meeting_2_Feedback,Simone Kat,0,0.75,Sees great potential in drawing tourists and celebrating local cuisine.,,NA,NA
about,seafood_festival_Travel_Dock_Roll_Hall_of_Fame_Completed_Discussion,seafood_festival_Travel_Dock_Roll_Hall_of_Fame,0,NA,NA,,completed,NA
about,seafood_festival_Travel_Dock_Roll_Hall_of_Fame_Completed_Discussion,seafood_festival,0,NA,NA,,NA,NA
participant,seafood_festival_Travel_Dock_Roll_Hall_of_Fame_Completed_Discussion,Carol Limpet,0,0.75,Supports as it offers community and economic benefits.,,NA,NA
refers_to,seafood_festival_Travel_Dock_Roll_Hall_of_Fame_Completed_Discussion,37828755,0,NA,NA,,NA,NA
about,seafood_festival_Meeting_3_Take_Action_Discussion,seafood_festival_Meeting_3_Take_Action,0,NA,NA,,completed,NA
about,seafood_festival_Meeting_3_Take_Action_Discussion,seafood_festival,0,NA,NA,,NA,NA
participant,seafood_festival_Meeting_3_Take_Action_Discussion,Simone Kat,0,0.75,Sees great potential in drawing tourists and celebrating local cuisine.,,NA,NA
plan,seafood_festival_Meeting_3_Take_Action,seafood_festival,0,NA,NA,,NA,NA
participant,seafood_festival_Meeting_3_Take_Action,Simone Kat,0,0.75,Sees great potential in drawing tourists and celebrating local cuisine.,,NA,NA
about,heritage_walking_tour_Meeting_7_Discussion,heritage_walking_tour_Meeting_7_Outline,0,NA,NA,,completed,NA
about,heritage_walking_tour_Meeting_7_Discussion,heritage_walking_tour,0,NA,NA,,NA,NA
participant,heritage_walking_tour_Meeting_7_Discussion,Simone Kat,0,1,Believes it will enhance the cultural appeal and attract more visitors.,,NA,NA
participant,heritage_walking_tour_Meeting_7_Discussion,Daughters of Port Grove,0,0.5,Believes it will enhance the cultural appeal and attract more visitors.,,NA,NA
plan,heritage_walking_tour_Meeting_7_Outline,heritage_walking_tour,0,NA,NA,,NA,NA
participant,heritage_walking_tour_Meeting_7_Outline,Simone Kat,0,1,Believes it will enhance the cultural appeal and attract more visitors.,,NA,NA
participant,heritage_walking_tour_Meeting_7_Outline,Daughters of Port Grove,0,0.5,Believes it will enhance the cultural appeal and attract more visitors.,,NA,NA
about,heritage_walking_tour_Travel_Captain_Market_Discussion,heritage_walking_tour_Travel_Captain_Market,0,NA,NA,,planned,NA
about,heritage_walking_tour_Travel_Captain_Market_Discussion,heritage_walking_tour,0,NA,NA,,NA,NA
participant,heritage_walking_tour_Travel_Captain_Market_Discussion,Simone Kat,0,1,Believes it will enhance the cultural appeal and attract more visitors.,,NA,NA
refers_to,heritage_walking_tour_Travel_Captain_Market_Discussion,35844638,0,NA,NA,,NA,NA
plan,heritage_walking_tour_Travel_Captain_Market,heritage_walking_tour,0,NA,NA,,NA,NA
travel,heritage_walking_tour_Travel_Captain_Market,35844638,0,NA,NA,,NA,NA
participant,heritage_walking_tour_Travel_Captain_Market,Simone Kat,0,1,Believes it will enhance the cultural appeal and attract more visitors.,,NA,NA
about,heritage_walking_tour_Meeting_8_Proposal_Discussion,heritage_walking_tour_Meeting_8_Proposal,0,NA,NA,,in_progress,NA
about,heritage_walking_tour_Meeting_8_Proposal_Discussion,heritage_walking_tour,0,NA,NA,,NA,NA
participant,heritage_walking_tour_Meeting_8_Proposal_Discussion,Simone Kat,0,1,Believes it will enhance the cultural appeal and attract more visitors.,,NA,NA
plan,heritage_walking_tour_Meeting_8_Proposal,heritage_walking_tour,0,NA,NA,,NA,NA
participant,heritage_walking_tour_Meeting_8_Proposal,Simone Kat,0,1,Believes it will enhance the cultural appeal and attract more visitors.,,NA,NA
about,heritage_walking_tour_Travel_Captain_Market_Completed_Discussion,heritage_walking_tour_Travel_Captain_Market,0,NA,NA,,completed,NA
about,heritage_walking_tour_Travel_Captain_Market_Completed_Discussion,heritage_walking_tour,0,NA,NA,,NA,NA
participant,heritage_walking_tour_Travel_Captain_Market_Completed_Discussion,Simone Kat,0,1,Believes it will enhance the cultural appeal and attract more visitors.,,NA,NA
refers_to,heritage_walking_tour_Travel_Captain_Market_Completed_Discussion,35844638,0,NA,NA,,NA,NA
about,heritage_walking_tour_Meeting_9_Report_Discussion,heritage_walking_tour_Meeting_9_Report,0,NA,NA,,planned,NA
about,heritage_walking_tour_Meeting_9_Report_Discussion,heritage_walking_tour,0,NA,NA,,NA,NA
participant,heritage_walking_tour_Meeting_9_Report_Discussion,Simone Kat,0,1,Believes it will enhance the cultural appeal and attract more visitors.,,NA,NA
plan,heritage_walking_tour_Meeting_9_Report,heritage_walking_tour,0,NA,NA,,NA,NA
participant,heritage_walking_tour_Meeting_9_Report,Simone Kat,0,1,Believes it will enhance the cultural appeal and attract more visitors.,,NA,NA
about,heritage_walking_tour_Meeting_9_Take_Action_Discussion,heritage_walking_tour_Meeting_9_Take_Action,0,NA,NA,,completed,NA
about,heritage_walking_tour_Meeting_9_Take_Action_Discussion,heritage_walking_tour,0,NA,NA,,NA,NA
participant,heritage_walking_tour_Meeting_9_Take_Action_Discussion,Simone Kat,0,1,Believes it will enhance the cultural appeal and attract more visitors.,,NA,NA
plan,heritage_walking_tour_Meeting_9_Take_Action,heritage_walking_tour,0,NA,NA,,NA,NA
participant,heritage_walking_tour_Meeting_9_Take_Action,Simone Kat,0,1,Believes it will enhance the cultural appeal and attract more visitors.,,NA,NA
about,waterfront_market_Meeting_7_Discussion,waterfront_market,0,NA,NA,,NA,NA
participant,waterfront_market_Meeting_7_Discussion,Simone Kat,0,0.75,Supports as it aligns well with tourism and local economic growth.,,NA,NA
participant,waterfront_market_Meeting_7_Discussion,Carol Limpet,0,1,Strongly supports as it aligns with community and economic interests.,,NA,NA
about,waterfront_market_Travel_Harbor_Edge_Grill_Discussion,waterfront_market_Travel_Harbor_Edge_Grill,0,NA,NA,,planned,NA
about,waterfront_market_Travel_Harbor_Edge_Grill_Discussion,waterfront_market,0,NA,NA,,NA,NA
participant,waterfront_market_Travel_Harbor_Edge_Grill_Discussion,Carol Limpet,0,1,Strongly supports as it aligns with community and economic interests.,,NA,NA
refers_to,waterfront_market_Travel_Harbor_Edge_Grill_Discussion,35908634,0,NA,NA,,NA,NA
plan,waterfront_market_Travel_Harbor_Edge_Grill,waterfront_market,0,NA,NA,,NA,NA
travel,waterfront_market_Travel_Harbor_Edge_Grill,35908634,0,NA,NA,,NA,NA
participant,waterfront_market_Travel_Harbor_Edge_Grill,Carol Limpet,0,1,Strongly supports as it aligns with community and economic interests.,,NA,NA
about,waterfront_market_Travel_Harbor_Edge_Grill_Completed_Discussion,waterfront_market_Travel_Harbor_Edge_Grill,0,NA,NA,,completed,NA
about,waterfront_market_Travel_Harbor_Edge_Grill_Completed_Discussion,waterfront_market,0,NA,NA,,NA,NA
participant,waterfront_market_Travel_Harbor_Edge_Grill_Completed_Discussion,Carol Limpet,0,1,Strongly supports as it aligns with community and economic interests.,,NA,NA
refers_to,waterfront_market_Travel_Harbor_Edge_Grill_Completed_Discussion,35908634,0,NA,NA,,NA,NA
NA,trip_0,Simone Kat,0,NA,NA,,NA,NA
NA,trip_11,Simone Kat,0,NA,NA,,NA,NA
NA,trip_12,Simone Kat,0,NA,NA,,NA,NA
NA,trip_14,Simone Kat,0,NA,NA,,NA,NA
NA,trip_20,Simone Kat,0,NA,NA,,NA,NA
NA,trip_22,Simone Kat,0,NA,NA,,NA,NA
NA,trip_38,Simone Kat,0,NA,NA,,NA,NA
NA,trip_44,Simone Kat,0,NA,NA,,NA,NA
NA,trip_44,37862864,0,NA,NA,,NA,2040-06-07 14:00:00
NA,trip_47,Simone Kat,0,NA,NA,,NA,NA
NA,trip_47,30188848,0,NA,NA,,NA,0040-04-10 09:31:00
NA,trip_56,Simone Kat,0,NA,NA,,NA,NA
NA,trip_63,Simone Kat,0,NA,NA,,NA,NA
NA,trip_63,37810321,0,NA,NA,,NA,2040-05-14 16:05:00
NA,trip_65,Simone Kat,0,NA,NA,,NA,NA
NA,trip_65,2519420987,0,NA,NA,,NA,0040-05-23 07:22:00
NA,trip_76,Simone Kat,0,NA,NA,,NA,NA
NA,trip_76,37766140,0,NA,NA,,NA,2040-05-24 14:45:00
NA,trip_94,Simone Kat,0,NA,NA,,NA,NA
NA,trip_94,37828755,0,NA,NA,,NA,2040-07-15 15:50:00
NA,trip_97,Simone Kat,0,NA,NA,,NA,NA
NA,trip_97,581678301,0,NA,NA,,NA,2040-06-05 14:00:00
NA,trip_101,Simone Kat,0,NA,NA,,NA,NA
NA,trip_101,37828755,0,NA,NA,,NA,2040-07-06 15:05:00
NA,trip_105,Simone Kat,0,NA,NA,,NA,NA
NA,trip_114,Simone Kat,0,NA,NA,,NA,NA
NA,trip_115,Simone Kat,0,NA,NA,,NA,NA
NA,trip_115,37828755,0,NA,NA,,NA,2040-07-17 14:58:00
NA,trip_118,Simone Kat,0,NA,NA,,NA,NA
NA,trip_121,Simone Kat,0,NA,NA,,NA,NA
NA,trip_122,Simone Kat,0,NA,NA,,NA,NA
NA,trip_122,2133935896,0,NA,NA,,NA,2040-06-18 07:03:00
NA,trip_131,Simone Kat,0,NA,NA,,NA,NA
NA,trip_131,581815970,0,NA,NA,,NA,2040-04-02 14:42:00
NA,trip_138,Simone Kat,0,NA,NA,,NA,NA
NA,trip_145,Simone Kat,0,NA,NA,,NA,NA
NA,trip_146,Simone Kat,0,NA,NA,,NA,NA
NA,trip_155,Simone Kat,0,NA,NA,,NA,NA
NA,trip_157,Simone Kat,0,NA,NA,,NA,NA
NA,trip_163,Simone Kat,0,NA,NA,,NA,NA
NA,trip_163,30188848,0,NA,NA,,NA,2040-07-29 08:06:00
NA,trip_166,Simone Kat,0,NA,NA,,NA,NA
NA,trip_166,48542802,0,NA,NA,,NA,2040-04-30 14:00:00
NA,trip_169,Simone Kat,0,NA,NA,,NA,NA
NA,trip_169,37810321,0,NA,NA,,NA,2040-04-11 14:59:00
NA,trip_169,37857657,0,NA,NA,,NA,2040-04-11 14:59:00
NA,trip_170,Simone Kat,0,NA,NA,,NA,NA
NA,trip_170,3348139873,0,NA,NA,,NA,2040-04-15 07:19:00
NA,trip_173,Simone Kat,0,NA,NA,,NA,NA
NA,trip_186,Simone Kat,0,NA,NA,,NA,NA
NA,trip_186,37828755,0,NA,NA,,NA,2040-06-17 16:04:00
NA,trip_187,Simone Kat,0,NA,NA,,NA,NA
NA,trip_187,37810321,0,NA,NA,,NA,2040-06-06 14:52:00
NA,trip_204,Simone Kat,0,NA,NA,,NA,NA
NA,trip_204,2459691595,0,NA,NA,,NA,2040-03-31 06:00:00
NA,trip_205,Simone Kat,0,NA,NA,,NA,NA
NA,trip_210,Simone Kat,0,NA,NA,,NA,NA
NA,trip_210,37867870,0,NA,NA,,NA,2040-07-24 14:00:00
NA,trip_215,Simone Kat,0,NA,NA,,NA,NA
NA,trip_219,Simone Kat,0,NA,NA,,NA,NA
NA,trip_219,48484175,0,NA,NA,,NA,2040-06-10 09:17:00
NA,trip_228,Simone Kat,0,NA,NA,,NA,NA
NA,trip_228,37810321,0,NA,NA,,NA,2040-04-19 14:54:00
NA,trip_229,Simone Kat,0,NA,NA,,NA,NA
NA,trip_230,Simone Kat,0,NA,NA,,NA,NA
NA,trip_231,Simone Kat,0,NA,NA,,NA,NA
NA,trip_231,37862851,0,NA,NA,,NA,2040-06-01 14:00:00
NA,trip_233,Simone Kat,0,NA,NA,,NA,NA
NA,trip_233,2303890866,0,NA,NA,,NA,2040-06-12 07:54:00
NA,trip_241,Simone Kat,0,NA,NA,,NA,NA
NA,trip_241,2133935896,0,NA,NA,,NA,2040-06-26 08:56:00
NA,trip_242,Simone Kat,0,NA,NA,,NA,NA
NA,trip_243,Simone Kat,0,NA,NA,,NA,NA
NA,trip_244,Simone Kat,0,NA,NA,,NA,NA
NA,trip_247,Simone Kat,0,NA,NA,,NA,NA
NA,trip_247,2133919910,0,NA,NA,,NA,2040-05-07 07:36:00
NA,trip_252,Simone Kat,0,NA,NA,,NA,NA
NA,trip_252,2519420987,0,NA,NA,,NA,2040-04-10 10:45:00
NA,trip_252,36988137,0,NA,NA,,NA,2040-04-10 09:36:00
NA,trip_262,Simone Kat,0,NA,NA,,NA,NA
NA,trip_262,48531032,0,NA,NA,,NA,2040-05-10 09:20:00
NA,trip_267,Simone Kat,0,NA,NA,,NA,NA
NA,trip_273,Simone Kat,0,NA,NA,,NA,NA
NA,trip_274,Simone Kat,0,NA,NA,,NA,NA
NA,trip_285,Simone Kat,0,NA,NA,,NA,NA
NA,trip_286,Simone Kat,0,NA,NA,,NA,NA
NA,trip_292,Simone Kat,0,NA,NA,,NA,NA
NA,trip_294,Simone Kat,0,NA,NA,,NA,NA
NA,trip_300,Simone Kat,0,NA,NA,,NA,NA
NA,trip_300,2519420987,0,NA,NA,,NA,2040-07-23 08:45:00
NA,trip_300,2148547967,0,NA,NA,,NA,2040-07-23 08:45:00
NA,trip_307,Simone Kat,0,NA,NA,,NA,NA
NA,trip_312,Simone Kat,0,NA,NA,,NA,NA
NA,trip_315,Simone Kat,0,NA,NA,,NA,NA
NA,trip_317,Simone Kat,0,NA,NA,,NA,NA
NA,trip_317,2858138942,0,NA,NA,,NA,2040-04-27 09:12:00
NA,trip_322,37828755,0,NA,NA,,NA,2040-06-23 16:02:00
NA,trip_322,Simone Kat,0,NA,NA,,NA,NA
NA,trip_327,Simone Kat,0,NA,NA,,NA,NA
NA,trip_327,48508495,0,NA,NA,,NA,2040-07-02 07:07:00
NA,trip_338,Simone Kat,0,NA,NA,,NA,NA
NA,trip_5,Carol Limpet,0,NA,NA,,NA,NA
NA,trip_5,48530519,0,NA,NA,,NA,0040-07-24 21:00:00
NA,trip_8,48580678,0,NA,NA,,NA,0040-06-26 21:00:00
NA,trip_8,Carol Limpet,0,NA,NA,,NA,NA
NA,trip_15,Carol Limpet,0,NA,NA,,NA,NA
NA,trip_15,48580678,0,NA,NA,,NA,0040-04-24 21:00:00
NA,trip_16,48511187,0,NA,NA,,NA,2040-04-08 21:00:00
NA,trip_16,Carol Limpet,0,NA,NA,,NA,NA
NA,trip_19,48511194,0,NA,NA,,NA,0040-04-10 21:00:00
NA,trip_19,Carol Limpet,0,NA,NA,,NA,NA
NA,trip_23,Carol Limpet,0,NA,NA,,NA,NA
NA,trip_23,48511187,0,NA,NA,,NA,0040-07-10 21:00:00
NA,trip_24,48511187,0,NA,NA,,NA,2040-04-07 21:00:00
NA,trip_24,Carol Limpet,0,NA,NA,,NA,NA
NA,trip_28,Carol Limpet,0,NA,NA,,NA,NA
NA,trip_28,48530519,0,NA,NA,,NA,2040-05-10 21:00:00
NA,trip_30,Carol Limpet,0,NA,NA,,NA,NA
NA,trip_30,48580678,0,NA,NA,,NA,2040-05-17 21:00:00
NA,trip_48,Carol Limpet,0,NA,NA,,NA,NA
NA,trip_48,48530519,0,NA,NA,,NA,2040-06-27 21:00:00
NA,trip_50,Carol Limpet,0,NA,NA,,NA,NA
NA,trip_50,48580678,0,NA,NA,,NA,2040-08-01 09:57:00
NA,trip_52,Carol Limpet,0,NA,NA,,NA,NA
NA,trip_52,37810321,0,NA,NA,,NA,2040-07-11 11:25:00
NA,trip_52,48580702,0,NA,NA,,NA,2040-07-11 21:00:00
NA,trip_59,Carol Limpet,0,NA,NA,,NA,NA
NA,trip_59,37828755,0,NA,NA,,NA,2040-05-27 15:40:00
NA,trip_59,48511190,0,NA,NA,,NA,2040-05-27 21:00:00
NA,trip_64,Carol Limpet,0,NA,NA,,NA,NA
NA,trip_64,48580702,0,NA,NA,,NA,0040-06-05 21:14:00
NA,trip_67,Carol Limpet,0,NA,NA,,NA,NA
NA,trip_67,37810321,0,NA,NA,,NA,2040-06-06 11:24:00
NA,trip_67,48511190,0,NA,NA,,NA,2040-06-06 21:00:00
NA,trip_71,Carol Limpet,0,NA,NA,,NA,NA
NA,trip_71,37858059,0,NA,NA,,NA,2040-05-15 11:00:00
NA,trip_71,48580678,0,NA,NA,,NA,2040-05-15 21:00:00
NA,trip_72,Carol Limpet,0,NA,NA,,NA,NA
NA,trip_72,37828755,0,NA,NA,,NA,2040-07-17 11:25:00
NA,trip_72,48580702,0,NA,NA,,NA,2040-07-17 21:00:00
NA,trip_73,Carol Limpet,0,NA,NA,,NA,NA
NA,trip_73,48511194,0,NA,NA,,NA,2040-05-19 21:00:00
NA,trip_74,Carol Limpet,0,NA,NA,,NA,NA
NA,trip_74,48580678,0,NA,NA,,NA,2040-05-20 21:00:00
NA,trip_79,Carol Limpet,0,NA,NA,,NA,NA
NA,trip_79,37828755,0,NA,NA,,NA,2040-07-13 11:24:00
NA,trip_79,48511187,0,NA,NA,,NA,2040-07-13 21:00:00
NA,trip_81,Carol Limpet,0,NA,NA,,NA,NA
NA,trip_81,48580702,0,NA,NA,,NA,2040-04-01 21:00:00
NA,trip_85,Carol Limpet,0,NA,NA,,NA,NA
NA,trip_85,581861511,0,NA,NA,,NA,2040-04-17 15:00:00
NA,trip_85,48580702,0,NA,NA,,NA,2040-04-17 21:00:00
NA,trip_92,Carol Limpet,0,NA,NA,,NA,NA
NA,trip_92,48511187,0,NA,NA,,NA,2040-06-17 21:00:00
NA,trip_100,Carol Limpet,0,NA,NA,,NA,NA
NA,trip_100,48501909,0,NA,NA,,NA,2040-06-01 08:56:00
NA,trip_100,48511190,0,NA,NA,,NA,2040-06-01 09:21:00
NA,trip_102,Carol Limpet,0,NA,NA,,NA,NA
NA,trip_102,30179053,0,NA,NA,,NA,2040-07-30 07:34:00
NA,trip_102,48580702,0,NA,NA,,NA,2040-07-30 08:00:00
NA,trip_109,48511194,0,NA,NA,,NA,0040-06-19 21:13:00
NA,trip_109,Carol Limpet,0,NA,NA,,NA,NA
NA,trip_110,48511187,0,NA,NA,,NA,0040-07-17 21:13:00
NA,trip_110,Carol Limpet,0,NA,NA,,NA,NA
NA,trip_111,Carol Limpet,0,NA,NA,,NA,NA
NA,trip_111,48511187,0,NA,NA,,NA,2040-06-29 21:00:00
NA,trip_112,Carol Limpet,0,NA,NA,,NA,NA
NA,trip_112,48580702,0,NA,NA,,NA,2040-07-10 21:00:00
NA,trip_123,Carol Limpet,0,NA,NA,,NA,NA
NA,trip_123,48511190,0,NA,NA,,NA,2040-05-28 11:00:00
NA,trip_125,Carol Limpet,0,NA,NA,,NA,NA
NA,trip_125,48530519,0,NA,NA,,NA,2040-04-03 21:00:00
NA,trip_130,Carol Limpet,0,NA,NA,,NA,NA
NA,trip_130,37828755,0,NA,NA,,NA,2040-05-12 15:26:00
NA,trip_130,48530519,0,NA,NA,,NA,2040-05-12 21:00:00
NA,trip_137,Carol Limpet,0,NA,NA,,NA,NA
NA,trip_137,48542802,0,NA,NA,,NA,2040-06-18 14:00:00
NA,trip_137,48580678,0,NA,NA,,NA,2040-06-18 21:00:00
NA,trip_139,37810321,0,NA,NA,,NA,0040-04-17 18:10:00
NA,trip_139,48580678,0,NA,NA,,NA,0040-04-17 21:00:00
NA,trip_139,Carol Limpet,0,NA,NA,,NA,NA
NA,trip_144,48580678,0,NA,NA,,NA,2040-07-15 21:00:00
NA,trip_144,Carol Limpet,0,NA,NA,,NA,NA
NA,trip_153,48511194,0,NA,NA,,NA,0040-05-16 06:13:00
NA,trip_153,Carol Limpet,0,NA,NA,,NA,NA
NA,trip_154,Carol Limpet,0,NA,NA,,NA,NA
NA,trip_154,48580678,0,NA,NA,,NA,2040-05-02 21:00:00
NA,trip_175,Carol Limpet,0,NA,NA,,NA,NA
NA,trip_175,37843182,0,NA,NA,,NA,2040-06-24 11:15:00
NA,trip_175,48580702,0,NA,NA,,NA,2040-06-24 21:00:00
NA,trip_177,Carol Limpet,0,NA,NA,,NA,NA
NA,trip_177,37828755,0,NA,NA,,NA,0040-04-01 11:35:00
NA,trip_177,48580702,0,NA,NA,,NA,0040-04-01 21:00:00
NA,trip_180,Carol Limpet,0,NA,NA,,NA,NA
NA,trip_180,37828755,0,NA,NA,,NA,2040-07-04 11:30:00
NA,trip_180,48530519,0,NA,NA,,NA,2040-07-04 21:00:00
NA,trip_184,Carol Limpet,0,NA,NA,,NA,NA
NA,trip_184,48530519,0,NA,NA,,NA,2040-04-19 07:04:00
NA,trip_188,48511194,0,NA,NA,,NA,0040-06-20 21:00:00
NA,trip_188,Carol Limpet,0,NA,NA,,NA,NA
NA,trip_190,48580702,0,NA,NA,,NA,0040-05-08 21:00:00
NA,trip_190,Carol Limpet,0,NA,NA,,NA,NA
NA,trip_193,Carol Limpet,0,NA,NA,,NA,NA
NA,trip_193,581860792,0,NA,NA,,NA,2040-07-07 11:00:00
NA,trip_193,48511187,0,NA,NA,,NA,2040-07-07 21:00:00
NA,trip_195,Carol Limpet,0,NA,NA,,NA,NA
NA,trip_195,581738844,0,NA,NA,,NA,2040-04-28 15:17:00
NA,trip_195,48511194,0,NA,NA,,NA,2040-04-28 21:00:00
NA,trip_197,Carol Limpet,0,NA,NA,,NA,NA
NA,trip_197,48580678,0,NA,NA,,NA,2040-07-18 21:00:00
NA,trip_201,Carol Limpet,0,NA,NA,,NA,NA
NA,trip_201,48530519,0,NA,NA,,NA,0040-07-04 06:00:00
NA,trip_203,Carol Limpet,0,NA,NA,,NA,NA
NA,trip_203,48504771,0,NA,NA,,NA,2040-04-04 14:00:00
NA,trip_203,48580678,0,NA,NA,,NA,2040-04-04 21:00:00
NA,trip_207,Carol Limpet,0,NA,NA,,NA,NA
NA,trip_207,37810321,0,NA,NA,,NA,2040-05-08 11:21:00
NA,trip_207,48530519,0,NA,NA,,NA,2040-05-08 21:00:00
NA,trip_218,Carol Limpet,0,NA,NA,,NA,NA
NA,trip_218,37828755,0,NA,NA,,NA,2040-07-01 15:41:00
NA,trip_218,48511187,0,NA,NA,,NA,2040-07-01 21:00:00
NA,trip_221,Carol Limpet,0,NA,NA,,NA,NA
NA,trip_221,2091381119,0,NA,NA,,NA,2040-06-22 14:00:00
NA,trip_221,48511194,0,NA,NA,,NA,2040-06-22 21:00:00
NA,trip_224,Carol Limpet,0,NA,NA,,NA,NA
NA,trip_224,48511194,0,NA,NA,,NA,0040-05-18 07:37:00
NA,trip_235,Carol Limpet,0,NA,NA,,NA,NA
NA,trip_235,37828755,0,NA,NA,,NA,2040-05-03 11:50:00
NA,trip_235,48511190,0,NA,NA,,NA,2040-05-03 21:00:00
NA,trip_238,Carol Limpet,0,NA,NA,,NA,NA
NA,trip_238,35914719,0,NA,NA,,NA,2040-06-30 07:15:00
NA,trip_238,48511194,0,NA,NA,,NA,2040-06-30 07:51:00
NA,trip_240,Carol Limpet,0,NA,NA,,NA,NA
NA,trip_240,48580678,0,NA,NA,,NA,2040-04-30 21:00:00
NA,trip_246,48511194,0,NA,NA,,NA,2040-05-06 21:00:00
NA,trip_246,Carol Limpet,0,NA,NA,,NA,NA
NA,trip_251,48580702,0,NA,NA,,NA,0040-04-03 21:17:00
NA,trip_251,Carol Limpet,0,NA,NA,,NA,NA
NA,trip_256,48511190,0,NA,NA,,NA,0040-05-01 21:00:00
NA,trip_256,Carol Limpet,0,NA,NA,,NA,NA
NA,trip_257,48511194,0,NA,NA,,NA,2040-07-20 21:00:00
NA,trip_257,Carol Limpet,0,NA,NA,,NA,NA
NA,trip_270,Carol Limpet,0,NA,NA,,NA,NA
NA,trip_270,48542802,0,NA,NA,,NA,2040-07-08 14:00:00
NA,trip_270,48511194,0,NA,NA,,NA,2040-07-08 21:00:00
NA,trip_277,48511190,0,NA,NA,,NA,0040-06-12 21:00:00
NA,trip_277,Carol Limpet,0,NA,NA,,NA,NA
NA,trip_282,Carol Limpet,0,NA,NA,,NA,NA
NA,trip_282,2519420987,0,NA,NA,,NA,2040-06-28 07:11:00
NA,trip_282,48511190,0,NA,NA,,NA,2040-06-28 07:11:00
NA,trip_290,Carol Limpet,0,NA,NA,,NA,NA
NA,trip_290,37828755,0,NA,NA,,NA,2040-05-22 11:36:00
NA,trip_290,48511187,0,NA,NA,,NA,2040-05-22 21:00:00
NA,trip_291,Carol Limpet,0,NA,NA,,NA,NA
NA,trip_291,48504771,0,NA,NA,,NA,2040-08-02 14:17:00
NA,trip_291,48580678,0,NA,NA,,NA,2040-08-02 21:00:00
NA,trip_303,Carol Limpet,0,NA,NA,,NA,NA
NA,trip_303,48580678,0,NA,NA,,NA,2040-07-25 21:00:00
NA,trip_309,Carol Limpet,0,NA,NA,,NA,NA
NA,trip_309,582256026,0,NA,NA,,NA,2040-07-22 11:15:00
NA,trip_309,48511187,0,NA,NA,,NA,2040-07-22 21:00:00
NA,trip_311,Carol Limpet,0,NA,NA,,NA,NA
NA,trip_311,37828755,0,NA,NA,,NA,2040-04-22 11:37:00
NA,trip_311,48530519,0,NA,NA,,NA,2040-04-22 21:00:00
NA,trip_323,Carol Limpet,0,NA,NA,,NA,NA
NA,trip_323,48580678,0,NA,NA,,NA,2040-06-03 21:00:00
NA,trip_335,Carol Limpet,0,NA,NA,,NA,NA
NA,trip_335,581874286,0,NA,NA,,NA,2040-04-24 14:00:00
NA,trip_335,48511187,0,NA,NA,,NA,2040-04-24 21:00:00
NA,trip_1,Seal,0,NA,NA,,NA,NA
NA,trip_1,37830690,0,NA,NA,,NA,2040-06-16 06:29:00
NA,trip_4,Seal,0,NA,NA,,NA,NA
NA,trip_27,Seal,0,NA,NA,,NA,NA
NA,trip_27,37810321,0,NA,NA,,NA,2040-07-07 12:54:00
NA,trip_40,Seal,0,NA,NA,,NA,NA
NA,trip_40,48542802,0,NA,NA,,NA,2040-06-15 07:10:00
NA,trip_41,Seal,0,NA,NA,,NA,NA
NA,trip_43,Seal,0,NA,NA,,NA,NA
NA,trip_57,Seal,0,NA,NA,,NA,NA
NA,trip_57,37828755,0,NA,NA,,NA,2040-06-05 11:19:00
NA,trip_61,Seal,0,NA,NA,,NA,NA
NA,trip_70,Seal,0,NA,NA,,NA,NA
NA,trip_70,2519421134,0,NA,NA,,NA,2040-05-13 20:00:00
NA,trip_77,Seal,0,NA,NA,,NA,NA
NA,trip_78,Seal,0,NA,NA,,NA,NA
NA,trip_78,30196032,0,NA,NA,,NA,2040-05-22 20:00:00
NA,trip_83,Seal,0,NA,NA,,NA,NA
NA,trip_83,48531042,0,NA,NA,,NA,2040-06-22 08:52:00
NA,trip_99,Seal,0,NA,NA,,NA,NA
NA,trip_119,Seal,0,NA,NA,,NA,NA
NA,trip_119,2519420987,0,NA,NA,,NA,2040-05-16 23:16:00
NA,trip_119,416797704,0,NA,NA,,NA,2040-05-16 23:16:00
NA,trip_120,Seal,0,NA,NA,,NA,NA
NA,trip_120,48511187,0,NA,NA,,NA,2040-07-21 09:00:00
NA,trip_132,Seal,0,NA,NA,,NA,NA
NA,trip_134,Seal,0,NA,NA,,NA,NA
NA,trip_134,2519420987,0,NA,NA,,NA,2040-05-05 22:13:00
NA,trip_134,30194356,0,NA,NA,,NA,2040-05-05 22:13:00
NA,trip_135,Seal,0,NA,NA,,NA,NA
NA,trip_135,37849292,0,NA,NA,,NA,2040-06-20 09:32:00
NA,trip_136,Seal,0,NA,NA,,NA,NA
NA,trip_136,37828755,0,NA,NA,,NA,2040-07-09 12:04:00
NA,trip_143,Seal,0,NA,NA,,NA,NA
NA,trip_143,37828755,0,NA,NA,,NA,2040-07-24 12:59:00
NA,trip_149,Seal,0,NA,NA,,NA,NA
NA,trip_149,2519420987,0,NA,NA,,NA,0040-05-07 02:38:00
NA,trip_158,Seal,0,NA,NA,,NA,NA
NA,trip_179,Seal,0,NA,NA,,NA,NA
NA,trip_179,6005475078,0,NA,NA,,NA,2040-06-01 06:22:00
NA,trip_183,Seal,0,NA,NA,,NA,NA
NA,trip_192,Seal,0,NA,NA,,NA,NA
NA,trip_192,37810321,0,NA,NA,,NA,2040-05-17 10:44:00
NA,trip_196,Seal,0,NA,NA,,NA,NA
NA,trip_200,Seal,0,NA,NA,,NA,NA
NA,trip_211,Seal,0,NA,NA,,NA,NA
NA,trip_217,Seal,0,NA,NA,,NA,NA
NA,trip_217,48524699,0,NA,NA,,NA,2040-04-19 09:16:00
NA,trip_248,Seal,0,NA,NA,,NA,NA
NA,trip_248,30188848,0,NA,NA,,NA,2040-06-13 00:44:00
NA,trip_249,Seal,0,NA,NA,,NA,NA
NA,trip_249,48590938,0,NA,NA,,NA,2040-05-21 21:29:00
NA,trip_250,Seal,0,NA,NA,,NA,NA
NA,trip_250,2519420987,0,NA,NA,,NA,2040-06-08 01:12:00
NA,trip_250,36952113,0,NA,NA,,NA,2040-06-07 21:57:00
NA,trip_258,Seal,0,NA,NA,,NA,NA
NA,trip_259,Seal,0,NA,NA,,NA,NA
NA,trip_259,37828755,0,NA,NA,,NA,2040-07-04 12:13:00
NA,trip_263,Seal,0,NA,NA,,NA,NA
NA,trip_264,Seal,0,NA,NA,,NA,NA
NA,trip_266,Seal,0,NA,NA,,NA,NA
NA,trip_268,Seal,0,NA,NA,,NA,NA
NA,trip_271,Seal,0,NA,NA,,NA,NA
NA,trip_275,Seal,0,NA,NA,,NA,NA
NA,trip_275,582382221,0,NA,NA,,NA,2040-05-06 10:37:00
NA,trip_276,Seal,0,NA,NA,,NA,NA
NA,trip_283,Seal,0,NA,NA,,NA,NA
NA,trip_283,37858030,0,NA,NA,,NA,2040-08-01 11:54:00
NA,trip_296,Seal,0,NA,NA,,NA,NA
NA,trip_296,37862867,0,NA,NA,,NA,2040-04-02 07:45:00
NA,trip_302,Seal,0,NA,NA,,NA,NA
NA,trip_302,48567071,0,NA,NA,,NA,2040-07-23 09:07:00
NA,trip_306,Seal,0,NA,NA,,NA,NA
NA,trip_308,Seal,0,NA,NA,,NA,NA
NA,trip_308,37828755,0,NA,NA,,NA,2040-04-08 12:42:00
NA,trip_314,Seal,0,NA,NA,,NA,NA
NA,trip_314,581622419,0,NA,NA,,NA,2040-06-25 07:53:00
NA,trip_319,Seal,0,NA,NA,,NA,NA
NA,trip_320,Seal,0,NA,NA,,NA,NA
NA,trip_320,5865952509,0,NA,NA,,NA,2040-04-27 22:10:00
NA,trip_328,Seal,0,NA,NA,,NA,NA
NA,trip_334,Seal,0,NA,NA,,NA,NA
NA,trip_337,Seal,0,NA,NA,,NA,NA
NA,trip_341,Seal,0,NA,NA,,NA,NA
NA,trip_341,48572314,0,NA,NA,,NA,2040-07-12 10:00:00
